t;speed;angle;e_q_t;e_q_st
0.005;0.019959128;0.631020099;1.032335608;0.986558492
0.01;0.019863315;0.662303615;1.032297597;0.986214376
0.015;0.019714848;0.693394973;1.03227544;0.985656352
0.02;0.019516046;0.724213281;1.032296598;0.9848997
0.025;0.019269246;0.754681307;1.03238416;0.983961391
0.03;0.018976787;0.784725495;1.032557603;0.982859659
0.035;0.018641001;0.814275956;1.032833368;0.981613652
0.04;0.018264196;0.843266449;1.033225297;0.98024314
0.045;0.017848653;0.871634337;1.033744964;0.978768274
0.05;0.01739661;0.899320535;1.034401941;0.977209369
0.055;0.01691026;0.926269437;1.035203994;0.975586726
0.06;0.016391742;0.952428842;1.03615725;0.973920465
0.065;0.015843138;0.977749862;1.03726632;0.972230386
0.07;0.015266468;1.002186835;1.038534413;0.970535838
0.075;0.014663688;1.025697218;1.039963423;0.968855606
0.08;0.014036689;1.04824149;1.04155401;0.96720781
0.085;0.013387293;1.06978305;1.043305668;0.965609815
0.09;0.012717259;1.090288106;1.045216127;0.96407815
0.095;0.01202828;1.109725578;1.047169779;0.962625026
0.1;0.011322002;1.128067006;1.049077616;0.961251825
0.105;0.010600027;1.145286478;1.050937284;0.959957919
0.11;0.009863924;1.161360575;1.052751394;0.958743491
0.115;0.009115223;1.176268313;1.054522687;0.957609485
0.12;0.008355419;1.18999108;1.056254018;0.956557476
0.125;0.00758597;1.202512585;1.057948339;0.955589572
0.13;0.006808301;1.213818803;1.059608687;0.954708308
0.135;0.006023805;1.223897918;1.061238163;0.953916566
0.14;0.005233843;1.232740282;1.062839925;0.953217495
0.145;0.00443975;1.240338358;1.064417173;0.952614437
0.15;0.003642832;1.246686688;1.065973132;0.952110873
0.155;0.002844374;1.251781846;1.067511049;0.951710359
0.16;0.00204564;1.255622409;1.069034176;0.951416486
0.165;0.001247876;1.258208923;1.070545762;0.951232827
0.17;0.000452313;1.25954388;1.072049044;0.951162907
0.175;-0.000339829;1.259631697;1.073547236;0.951210162
0.18;-0.001127341;1.258478699;1.075043523;0.951377907
0.185;-0.001909015;1.256093109;1.076541047;0.951669311
0.19;-0.002683651;1.252485037;1.078042906;0.952087369
0.195;-0.003450047;1.247666485;1.079552138;0.952634875
0.2;-0.004206999;1.24165134;1.081071718;0.953314402
0.205;-0.004953301;1.234455384;1.082580311;0.954127668
0.21;-0.005687735;1.226096301;1.084040217;0.955072972
0.215;-0.006409073;1.216593694;1.085439637;0.956146748
0.22;-0.007116067;1.205969115;1.0867674;0.957344509
0.225;-0.007807454;1.194246083;1.088012683;0.958660916
0.23;-0.008481956;1.181450115;1.089165086;0.960089842
0.235;-0.009138276;1.167608752;1.090214704;0.961624446
0.24;-0.009775104;1.15275158;1.091152195;0.963257234
0.245;-0.010391121;1.136910253;1.091968844;0.964980124
0.25;-0.010984996;1.120118505;1.092656626;0.966784515
0.255;-0.011555401;1.102412159;1.093208262;0.968661345
0.26;-0.012101006;1.083829127;1.093617273;0.970601155
0.265;-0.012620493;1.064409402;1.093878022;0.972594154
0.27;-0.01311256;1.044195036;1.093985759;0.97463028
0.275;-0.01357593;1.023230106;1.093936653;0.976699261
0.28;-0.01400936;1.001560671;1.093727821;0.97879068
0.285;-0.014411649;0.97923471;1.093357342;0.980894035
0.29;-0.01478165;0.956302048;1.092824274;0.982998805
0.295;-0.015118278;0.932814262;1.092128654;0.985094512
0.3;-0.015420523;0.90882458;1.091271494;0.987170783
0.305;-0.015687455;0.884387752;1.090254766;0.989217416
0.31;-0.015918239;0.859559915;1.089081378;0.991224441
0.315;-0.016112142;0.834398442;1.087755146;0.993182181
0.32;-0.016268542;0.808961767;1.086280751;0.995081318
0.325;-0.016386935;0.783309213;1.084663692;0.996912946
0.33;-0.016466945;0.757500792;1.082910231;0.998668633
0.335;-0.016508327;0.731597007;1.08102733;1.000340475
0.34;-0.016510972;0.705658639;1.079022583;1.001921146
0.345;-0.016474913;0.679746528;1.076904141;1.003403945
0.35;-0.016400323;0.653921351;1.074680635;1.004782838
0.355;-0.016287522;0.628243403;1.072361093;1.006052496
0.36;-0.016136967;0.602772363;1.069954855;1.007208326
0.365;-0.015949259;0.577567082;1.067471489;1.008246494
0.37;-0.015725133;0.55268536;1.064920704;1.009163942
0.375;-0.015465458;0.528183735;1.062312263;1.009958399
0.38;-0.015171229;0.504117284;1.059655908;1.010628381
0.385;-0.014843557;0.480539427;1.056961271;1.011173187
0.39;-0.014483667;0.457501747;1.054237805;1.011592886
0.395;-0.014092885;0.435053823;1.051494709;1.011888293
0.4;-0.013672634;0.413243074;1.04874087;1.012060943
0.405;-0.013224415;0.392114622;1.045984797;1.012113055
0.41;-0.012749808;0.371711167;1.043234575;1.012047489
0.415;-0.012250456;0.352072876;1.040497821;1.011867701
0.42;-0.011728053;0.333237295;1.037781647;1.011577686
0.425;-0.011184342;0.315239267;1.035092631;1.011181929
0.43;-0.010621097;0.298110876;1.032436799;1.010685335
0.435;-0.010040119;0.281881392;1.02981961;1.010093176
0.44;-0.009443225;0.266577245;1.027245953;1.009411021
0.445;-0.008832239;0.252222005;1.024720148;1.008644675
0.45;-0.008208988;0.23883637;1.022245954;1.007800113
0.455;-0.007575289;0.226438179;1.019826584;1.006883417
0.46;-0.006932948;0.215042422;1.017464725;1.005900717
0.465;-0.006283749;0.20466127;1.015162565;1.004858132
0.47;-0.005629449;0.195304113;1.012921818;1.003761713
0.475;-0.004971779;0.186977598;1.01074376;1.002617392
0.48;-0.004312429;0.179685688;1.008629263;1.001430938
0.485;-0.003653054;0.173429715;1.006578834;1.000207911
0.49;-0.002995263;0.16820845;1.004592652;0.998953626
0.495;-0.002340621;0.164018169;1.002670609;0.997673122
0.5;-0.00169064;0.160852731;1.000812348;0.99637113
0.505;-0.001046785;0.158703658;0.999017306;0.995052058
0.51;-0.000410463;0.157560214;0.997284749;0.993719966
0.515;0.000216974;0.157409498;0.995613812;0.992378561
0.52;0.00083423;0.158236526;0.994003532;0.991031189
0.525;0.00144007;0.16002433;0.992452884;0.989680828
0.53;0.00203332;0.162754047;0.990960809;0.988330095
0.535;0.002612865;0.166405016;0.989526244;0.986981252
0.54;0.003177654;0.170954876;0.988148146;0.985636213
0.545;0.0037267;0.176379666;0.986825518;0.984296562
0.55;0.004259079;0.182653922;0.985557423;0.982963567
0.555;0.004773929;0.189750778;0.984343005;0.981638198
0.56;0.005270456;0.197642067;0.983181499;0.980321152
0.565;0.005747927;0.206298424;0.982072242;0.979012877
0.57;0.006205675;0.215689384;0.981014684;0.977713595
0.575;0.006643097;0.225783483;0.980008386;0.976423328
0.58;0.007059652;0.236548361;0.979053027;0.975141928
0.585;0.007454864;0.247950858;0.978148399;0.973869107
0.59;0.007828318;0.259957114;0.97729441;0.972604457
0.595;0.008179659;0.272532664;0.976491075;0.971347488
0.6;0.008508593;0.285642536;0.975738508;0.970097649
0.605;0.008814886;0.299251342;0.975036917;0.968854355
0.61;0.009098359;0.313323368;0.974386594;0.967617017
0.615;0.00935889;0.327822667;0.973787901;0.966385064
0.62;0.009596411;0.342713139;0.973241261;0.965157966
0.625;0.009810904;0.357958622;0.972747145;0.963935255
0.63;0.010002403;0.373522962;0.97230606;0.962716548
0.635;0.010170991;0.389370101;0.971918532;0.961501561
0.64;0.010316793;0.405464142;0.971585099;0.960290127
0.645;0.010439982;0.421769422;0.971306294;0.95908221
0.65;0.010540768;0.438250582;0.97108263;0.957877914
0.655;0.010619404;0.454872624;0.970914594;0.956677497
0.66;0.010676176;0.471600974;0.970802632;0.955481373
0.665;0.010711407;0.48840154;0.970747134;0.954290122
0.67;0.010725451;0.505240758;0.970748432;0.953104487
0.675;0.010718691;0.522085644;0.970806783;0.951925381
0.68;0.010691539;0.538903841;0.970922362;0.95075388
0.685;0.010644432;0.555663657;0.971095257;0.949591224
0.69;0.01057783;0.572334104;0.971325459;0.948438812
0.695;0.010492214;0.588884935;0.971612856;0.947298189
0.7;0.010388086;0.605286674;0.971957227;0.946171048
0.705;0.010265963;0.621510647;0.972358241;0.945059209
0.71;0.010126381;0.637529006;0.972815448;0.943964617
0.715;0.009969887;0.653314755;0.973328277;0.942889326
0.72;0.009797045;0.668841769;0.973896038;0.941835484
0.725;0.009608426;0.684084818;0.974517914;0.940805324
0.73;0.009404615;0.699019576;0.975192963;0.939801143
0.735;0.009186205;0.713622644;0.975920115;0.938825293
0.74;0.008953794;0.727871559;0.976698175;0.93788016
0.745;0.008707991;0.741744805;0.977525821;0.936968152
0.75;0.00844941;0.755221829;0.978401603;0.93609168
0.755;0.008178668;0.768283041;0.979323946;0.935253144
0.76;0.007896389;0.78090983;0.980291153;0.934454916
0.765;0.007603201;0.793084566;0.981301402;0.933699326
0.77;0.007299733;0.804790607;0.982352751;0.932988642
0.775;0.00698662;0.816012303;0.983443142;0.932325062
0.78;0.006664496;0.826735002;0.984570398;0.931710695
0.785;0.006334;0.836945051;0.985732233;0.931147546
0.79;0.00599577;0.8466298;0.986926252;0.930637508
0.795;0.005650448;0.855777604;0.988149953;0.930182347
0.8;0.005298674;0.864377827;0.989400735;0.929783687
0.805;0.004941091;0.872420837;0.990675902;0.929443007
0.81;0.004578341;0.879898016;0.991972666;0.929161624
0.815;0.004211069;0.886801752;0.993288156;0.928940689
0.82;0.003839916;0.893125446;0.994619422;0.928781177
0.825;0.003465526;0.898863508;0.995963443;0.928683878
0.83;0.003088542;0.904011359;0.997317132;0.928649397
0.835;0.002709606;0.908565427;0.99867735;0.928678143
0.84;0.00232936;0.912523152;1.000040906;0.92877033
0.845;0.001948446;0.915882978;1.001404574;0.92892597
0.85;0.001567501;0.918644359;1.002765096;0.929144875
0.855;0.001187166;0.920807748;1.004119197;0.929426651
0.86;0.000808077;0.922374604;1.005463594;0.929770704
0.865;0.000430868;0.923347381;1.006795006;0.930176238
0.87;5.62E-05;0.92372953;1.008110166;0.930642256
0.875;-0.000315383;0.923525494;1.009405834;0.931167565
0.88;-0.00068317;0.922740698;1.010678809;0.931750779
0.885;-0.001046567;0.92138155;1.011925939;0.932390325
0.89;-0.001404957;0.919455432;1.013144137;0.933084444
0.895;-0.001757728;0.91697069;1.01433039;0.933831206
0.9;-0.002104274;0.913936626;1.015481776;0.934628507
0.905;-0.002443997;0.91036349;1.016595473;0.935474084
0.91;-0.002776305;0.906262466;1.017668774;0.936365522
0.915;-0.003100617;0.901645658;1.018699096;0.937300261
0.92;-0.003416361;0.896526077;1.019683996;0.93827561
0.925;-0.003722977;0.890917623;1.020621179;0.939288754
0.93;-0.004019917;0.884835067;1.021508509;0.940336766
0.935;-0.004306647;0.878294028;1.022344022;0.941416621
0.94;-0.00458265;0.871310952;1.023125933;0.942525204
0.945;-0.004847424;0.863903088;1.023852643;0.943659327
0.95;-0.005100485;0.856088454;1.024522751;0.944815738
0.955;-0.005341372;0.847885816;1.025135057;0.945991137
0.96;-0.005569642;0.839314647;1.025688569;0.947182186
0.965;-0.005784877;0.830395096;1.026182505;0.948385529
0.97;-0.005986685;0.82114795;1.0266163;0.949597799
0.975;-0.006174699;0.811594593;1.026989606;0.950815635
0.98;-0.006348579;0.801756963;1.027302291;0.952035695
0.985;-0.006508016;0.791657507;1.027554439;0.953254671
0.99;-0.006652734;0.781319134;1.027746351;0.954469302
0.995;-0.006782485;0.770765164;1.027878537;0.955676386
1;-0.006897059;0.760019276;1.027951713;0.956872794
1.005;-0.006996278;0.749105455;1.027966799;0.958055484
1.01;-0.007080002;0.738047934;1.027924904;0.95922151
1.015;-0.007148128;0.726871139;1.027827325;0.960368035
1.02;-0.00720059;0.715599628;1.027675534;0.961492343
1.025;-0.007237361;0.704258034;1.027471166;0.962591848
1.03;-0.007258453;0.692870998;1.027216015;0.963664104
1.035;-0.007263917;0.681463114;1.026912011;0.964706811
1.04;-0.007253845;0.670058865;1.026561219;0.965717825
1.045;-0.007228365;0.658682557;1.026165815;0.966695166
1.05;-0.007187649;0.647358264;1.02572808;0.96763702
1.055;-0.007131903;0.636109763;1.025250382;0.968541744
1.06;-0.007061374;0.624960472;1.024735163;0.969407872
1.065;-0.006976345;0.613933395;1.024184924;0.970234115
1.07;-0.006877137;0.603051062;1.023602212;0.971019362
1.075;-0.006764103;0.592335472;1.022989604;0.971762679
1.08;-0.006637633;0.581808041;1.022349694;0.972463314
1.085;-0.006498147;0.571489548;1.021685083;0.973120684
1.09;-0.006346098;0.561400088;1.020998359;0.973734381
1.095;-0.006181965;0.551559021;1.020292093;0.974304164
1.1;-0.006006258;0.541984932;1.019568822;0.974829954
1.105;-0.005819508;0.532695587;1.018831041;0.975311826
1.11;-0.005622274;0.523707897;1.018081191;0.975750004
1.115;-0.005415131;0.515037882;1.017321652;0.976144855
1.12;-0.005198678;0.506700637;1.016554737;0.976496877
1.125;-0.004973527;0.498710308;1.01578268;0.976806689
1.13;-0.004740307;0.491080066;1.015007635;0.977075028
1.135;-0.004499659;0.483822084;1.014231668;0.977302733
1.14;-0.004252233;0.47694752;1.013456755;0.977490738
1.145;-0.00399869;0.470466503;1.012684778;0.977640059
1.15;-0.003739694;0.46438812;1.011917522;0.977751787
1.155;-0.003475915;0.458720412;1.011156677;0.977827078
1.16;-0.003208023;0.453470365;1.010403836;0.977867139
1.165;-0.00293669;0.448643912;1.009660493;0.977873222
1.17;-0.002662583;0.444245934;1.008928048;0.977846613
1.175;-0.002386368;0.440280265;1.008207809;0.977788622
1.18;-0.002108703;0.436749698;1.00750099;0.977700577
1.185;-0.001830239;0.433655998;1.006808718;0.977583813
1.19;-0.001551618;0.430999914;1.006132038;0.977439666
1.195;-0.001273472;0.428781196;1.005471909;0.977269466
1.2;-0.000996419;0.426998611;1.004829218;0.97707453
1.205;-0.000721063;0.425649965;1.004204777;0.976856158
1.21;-0.000447996;0.424732126;1.00359933;0.976615626
1.215;-0.00017779;0.424241047;1.003013558;0.976354182
1.22;8.90E-05;0.424171792;1.002448083;0.976073045
1.225;0.000351828;0.424518568;1.001903471;0.975773399
1.23;0.000610184;0.42527475;1.00138024;0.975456393
1.235;0.000863566;0.426432913;1.000878859;0.975123139
1.24;0.001111497;0.427984868;1.000399757;0.974774711
1.245;0.00135352;0.42992169;0.999943323;0.974412144
1.25;0.001589203;0.432233757;0.999509914;0.974036437
1.255;0.001818134;0.434910783;0.999099853;0.973648549
1.26;0.002039926;0.437941855;0.998713433;0.973249405
1.265;0.002254214;0.441315469;0.998350923;0.972839897
1.27;0.002460659;0.44501957;0.998012568;0.972420883
1.275;0.002658943;0.449041583;0.99769859;0.971993192
1.28;0.002848776;0.45336846;0.99740919;0.971557627
1.285;0.003029889;0.457986711;0.997144551;0.971114967
1.29;0.00320204;0.462882445;0.996904835;0.970665967
1.295;0.003365008;0.468041408;0.99669019;0.970211369
1.3;0.003518599;0.47344902;0.996500742;0.969751896
1.305;0.003662642;0.479090414;0.996336602;0.969288261
1.31;0.003796988;0.484950471;0.996197862;0.968821168
1.315;0.003921513;0.49101386;0.996084597;0.968351317
1.32;0.004036117;0.497265072;0.99599686;0.967879403
1.325;0.00414072;0.503688458;0.995934685;0.967406122
1.33;0.004235267;0.510268262;0.995898087;0.966932172
1.335;0.004319722;0.516988657;0.995887055;0.966458257
1.34;0.004394071;0.523833776;0.995901556;0.965985087
1.345;0.004458323;0.530787751;0.995941533;0.965513378
1.35;0.004512505;0.537834738;0.9960069;0.965043859
1.355;0.004556663;0.544958954;0.996097544;0.964577268
1.36;0.004590863;0.552144702;0.996213322;0.964114354
1.365;0.00461519;0.559376405;0.996354062;0.96365588
1.37;0.004629745;0.566638632;0.996519556;0.963202617
1.375;0.004634648;0.573916125;0.996709564;0.962755352
1.38;0.004630034;0.581193825;0.996923811;0.96231488
1.385;0.004616054;0.588456901;0.997161985;0.961882006
1.39;0.004592874;0.595690769;0.997423735;0.961457544
1.395;0.004560674;0.602881117;0.997708674;0.961042316
1.4;0.00451965;0.610013929;0.998016374;0.960637148
1.405;0.004470008;0.617075504;0.998346365;0.96024287
1.41;0.004411967;0.624052475;0.99869814;0.959860312
1.415;0.004345761;0.630931832;0.999071146;0.959490303
1.42;0.00427163;0.637700935;0.999464793;0.959133666
1.425;0.004189828;0.644347535;0.999878447;0.958791217
1.43;0.004100617;0.650859788;1.000311432;0.958463762
1.435;0.004004271;0.657226268;1.000763031;0.958152093
1.44;0.003901069;0.663435986;1.001232486;0.957856984
1.445;0.003791299;0.669478399;1.001719;0.957579189
1.45;0.003675259;0.675343421;1.002221736;0.957319437
1.455;0.00355325;0.68102144;1.002739817;0.957078432
1.46;0.003425582;0.686503323;1.003272331;0.956856846
1.465;0.003292569;0.691780426;1.003818328;0.956655316
1.47;0.003154532;0.696844604;1.004376826;0.956474444
1.475;0.003011795;0.70168822;1.004946809;0.956314788
1.48;0.002864686;0.706304147;1.005527231;0.956176867
1.485;0.002713537;0.71068578;1.006117016;0.956061151
1.49;0.002558685;0.714827036;1.006715063;0.955968061
1.495;0.002400466;0.718722362;1.007320248;0.955897967
1.5;0.002239221;0.722366737;1.007931424;0.955851185
1.505;0.00207529;0.725755675;1.008547427;0.955827974
1.51;0.001909018;0.728885228;1.009167075;0.955828536
1.515;0.001740746;0.731751985;1.009789175;0.955853013
1.52;0.001570818;0.734353076;1.010412524;0.955901487
1.525;0.001399578;0.73668617;1.011035914;0.955973975
1.53;0.001227366;0.738749472;1.011658131;0.956070435
1.535;0.001054525;0.740541725;1.012277963;0.956190756
1.54;0.000881393;0.742062208;1.012894202;0.956334769
1.545;0.000708307;0.743310727;1.013505647;0.956502236
1.55;0.000535601;0.744287618;1.014111108;0.956692857
1.555;0.000363605;0.744993738;1.014709408;0.95690627
1.56;0.000192648;0.745430462;1.015299391;0.957142048
1.565;2.31E-05;0.745599674;1.01587992;0.957399705
1.57;-0.000144863;0.745503764;1.016449884;0.957678694
1.575;-0.000310787;0.745145615;1.017008201;0.957978408
1.58;-0.00047441;0.744528602;1.017553821;0.958298186
1.585;-0.000635431;0.743656575;1.018085729;0.958637312
1.59;-0.000793556;0.742533853;1.018602951;0.958995015
1.595;-0.000948497;0.741165213;1.019104552;0.959370479
1.6;-0.001099973;0.739555876;1.019589643;0.959762838
1.605;-0.001247714;0.7377115;1.020057384;0.960171184
1.61;-0.001391456;0.735638161;1.020506985;0.960594566
1.615;-0.001530944;0.733342341;1.020937708;0.961031999
1.62;-0.001665935;0.730830914;1.021348872;0.961482463
1.625;-0.001796193;0.72811113;1.021739852;0.961944906
1.63;-0.001921496;0.725190601;1.022110083;0.962418252
1.635;-0.00204163;0.722077278;1.022459062;0.962901401
1.64;-0.002156394;0.718779442;1.022786346;0.963393235
1.645;-0.002265599;0.715305677;1.023091557;0.96389262
1.65;-0.002369067;0.711664857;1.02337438;0.964398414
1.655;-0.002466634;0.707866124;1.023634568;0.964909466
1.66;-0.002558148;0.703918868;1.023871934;0.965424621
1.665;-0.002643472;0.699832706;1.02408636;0.965942729
1.67;-0.002722481;0.695617462;1.024277792;0.966462643
1.675;-0.002795066;0.691283143;1.024446238;0.966983225
1.68;-0.00286113;0.686839918;1.024591773;0.967503349
1.685;-0.002920591;0.682298096;1.024714532;0.968021908
1.69;-0.002973384;0.677668102;1.024814711;0.968537814
1.695;-0.003019456;0.672960453;1.024892566;0.969050001
1.7;-0.003058771;0.668185738;1.02494841;0.969557434
1.705;-0.003091306;0.663354591;1.024982611;0.970059102
1.71;-0.003117056;0.658477666;1.024995593;0.970554033
1.715;-0.003136028;0.65356562;1.024987828;0.971041287
1.72;-0.003148246;0.648629081;1.024959835;0.971519962
1.725;-0.003153748;0.643678631;1.024912183;0.9719892
1.73;-0.003152587;0.63872478;1.024845478;0.972448181
1.735;-0.003144832;0.63377794;1.02476037;0.972896133
1.74;-0.003130564;0.62884841;1.024657543;0.973332329
1.745;-0.00310988;0.623946344;1.024537714;0.973756088
1.75;-0.003082889;0.619081737;1.024401629;0.974166781
1.755;-0.003049716;0.614264399;1.024250064;0.974563824
1.76;-0.003010497;0.609503937;1.024083816;0.974946686
1.765;-0.002965382;0.604809731;1.023903701;0.975314886
1.77;-0.002914531;0.600190919;1.023710553;0.975667994
1.775;-0.002858118;0.595656374;1.023505221;0.976005628
1.78;-0.002796328;0.591214691;1.023288561;0.976327461
1.785;-0.002729354;0.586874166;1.02306144;0.976633211
1.79;-0.002657403;0.582642779;1.022824728;0.976922646
1.795;-0.002580687;0.578528183;1.022579296;0.977195585
1.8;-0.002499431;0.574537688;1.022326014;0.977451891
1.805;-0.002413865;0.570678245;1.022065751;0.977691474
1.81;-0.002324227;0.56695644;1.021799365;0.977914287
1.815;-0.002230762;0.563378476;1.021527711;0.978120327
1.82;-0.002133721;0.559950167;1.02125163;0.978309633
1.825;-0.002033362;0.55667693;1.020971951;0.97848228
1.83;-0.001929943;0.553563775;1.020689491;0.978638385
1.835;-0.001823731;0.550615297;1.020405048;0.978778098
1.84;-0.001714993;0.547835677;1.020119405;0.978901602
1.845;-0.001603999;0.545228669;1.019833324;0.979009113
1.85;-0.001491021;0.542797604;1.01954755;0.979100876
1.855;-0.001376332;0.540545384;1.019262806;0.979177164
1.86;-0.001260205;0.538474482;1.018979791;0.979238276
1.865;-0.001142913;0.536586942;1.018699185;0.979284534
1.87;-0.001024727;0.534884382;1.018421643;0.979316281
1.875;-0.000905918;0.533367993;1.018147797;0.979333881
1.88;-0.000786753;0.532038543;1.017878255;0.979337714
1.885;-0.000667496;0.530896384;1.017613601;0.979328179
1.89;-0.000548409;0.529941454;1.017354395;0.979305686
1.895;-0.000429748;0.529173284;1.017101172;0.979270661
1.9;-0.000311766;0.528591006;1.016854443;0.979223538
1.905;-0.000194709;0.528193359;1.016614695;0.979164763
1.91;-7.88E-05;0.527978698;1.01638239;0.979094789
1.915;3.57E-05;0.527945007;1.016157969;0.979014078
1.92;0.000148528;0.528089903;1.015941845;0.978923095
1.925;0.000259535;0.528410651;1.01573441;0.978822313
1.93;0.000368477;0.528904174;1.015536034;0.978712207
1.935;0.000475148;0.529567065;1.015347061;0.978593255
1.94;0.00057935;0.530395601;1.015167816;0.978465939
1.945;0.000680894;0.531385755;1.014998599;0.978330739
1.95;0.0007796;0.532533208;1.01483969;0.978188141
1.955;0.000875296;0.533833365;1.014691345;0.978038627
1.96;0.000967819;0.535281369;1.014553802;0.977882681
1.965;0.001057017;0.536872116;1.014427276;0.977720786
1.97;0.001142746;0.538600269;1.01431196;0.977553424
1.975;0.001224873;0.540460272;1.014208029;0.977381076
1.98;0.001303274;0.542446369;1.014115636;0.977204222
1.985;0.001377835;0.544552617;1.014034914;0.97702334
1.99;0.001448452;0.5467729;1.013965977;0.976838906
1.995;0.001515032;0.54910095;1.013908918;0.976651394
2;0.001577491;0.551530356;1.013863812;0.976461276
2.005;0.001635754;0.554054587;1.013830711;0.976269022
2.01;0.001689759;0.556667;1.013809651;0.976075098
2.015;0.001739451;0.559360864;1.013800647;0.975879969
2.02;0.001784787;0.562129367;1.013803694;0.975684096
2.025;0.001825731;0.564965638;1.01381877;0.975487937
2.03;0.001862261;0.567862759;1.013845832;0.975291947
2.035;0.001894359;0.570813782;1.013884817;0.975096577
2.04;0.001922022;0.573811741;1.013935644;0.974902274
2.045;0.001945252;0.576849671;1.013998213;0.974709481
2.05;0.001964062;0.579920616;1.014072406;0.974518637
2.055;0.001978474;0.583017651;1.014158083;0.974330175
2.06;0.001988517;0.586133888;1.014255088;0.974144522
2.065;0.001994231;0.589262495;1.014363245;0.9739621
2.07;0.001995661;0.592396706;1.014482359;0.973783325
2.075;0.001992863;0.595529835;1.014612219;0.973608605
2.08;0.001985899;0.598655288;1.014752592;0.973438341
2.085;0.001974839;0.601766576;1.01490323;0.973272925
2.09;0.00195976;0.604857323;1.015063867;0.973112741
2.095;0.001940745;0.607921282;1.015234217;0.972958162
2.1;0.001917887;0.610952341;1.015413979;0.972809553
2.105;0.00189128;0.613944538;1.015602837;0.972667266
2.11;0.00186103;0.616892066;1.015800455;0.972531641
2.115;0.001827244;0.619789285;1.016006483;0.972403006
2.12;0.001790038;0.622630732;1.016220556;0.972281677
2.125;0.00174953;0.625411126;1.016442294;0.972167955
2.13;0.001705845;0.628125378;1.016671303;0.972062124
2.135;0.001659112;0.630768599;1.016907175;0.971964456
2.14;0.001609465;0.633336106;1.01714949;0.971875203
2.145;0.001557041;0.635823428;1.017397815;0.971794603
2.15;0.001501981;0.638226314;1.017651708;0.971722874
2.155;0.001444429;0.640540735;1.017910714;0.971660216
2.16;0.001384534;0.642762895;1.01817437;0.97160681
2.165;0.001322444;0.644889228;1.018442205;0.971562818
2.17;0.001258314;0.646916408;1.018713739;0.971528379
2.175;0.001192298;0.64884135;1.018988486;0.971503614
2.18;0.001124551;0.650661215;1.019265956;0.971488622
2.185;0.001055234;0.65237341;1.019545652;0.971483479
2.19;0.000984504;0.653975591;1.019827076;0.971488239
2.195;0.000912523;0.655465666;1.020109726;0.971502934
2.2;0.000839452;0.656841796;1.020393101;0.971527575
2.205;0.000765451;0.658102395;1.020676698;0.971562147
2.21;0.000690682;0.659246129;1.020960017;0.971606615
2.215;0.000615306;0.660271919;1.021242559;0.971660919
2.22;0.000539484;0.661178937;1.021523831;0.971724977
2.225;0.000463375;0.661966608;1.021803343;0.971798685
2.23;0.000387139;0.662634607;1.022080612;0.971881915
2.235;0.000310931;0.663182855;1.022355161;0.971974519
2.24;0.000234908;0.663611522;1.022626524;0.972076324
2.245;0.000159222;0.663921017;1.022894242;0.972187138
2.25;8.40E-05;0.66411199;1.023157868;0.972306748
2.255;9.47E-06;0.664185328;1.023416968;0.97243492
2.26;-6.43E-05;0.664142147;1.023671119;0.972571401
2.265;-0.000137152;0.663983793;1.023919913;0.972715917
2.27;-0.000208931;0.663711831;1.024162957;0.972868179
2.275;-0.000279508;0.663328046;1.024399875;0.973027879
2.28;-0.000348749;0.662834431;1.024630306;0.973194692
2.285;-0.000416525;0.662233186;1.024853908;0.973368279
2.29;-0.000482713;0.66152671;1.025070357;0.973548286
2.295;-0.000547192;0.660717593;1.02527935;0.973734344
2.3;-0.000609848;0.65980861;1.025480602;0.973926076
2.305;-0.000670568;0.658802713;1.02567385;0.974123089
2.31;-0.000729249;0.657703026;1.025858851;0.974324982
2.315;-0.000785789;0.656512832;1.026035385;0.974531347
2.32;-0.000840093;0.655235568;1.026203254;0.974741766
2.325;-0.000892072;0.653874819;1.026362282;0.974955816
2.33;-0.000941643;0.652434302;1.026512315;0.975173068
2.335;-0.000988726;0.650917863;1.026653224;0.97539309
2.34;-0.00103325;0.649329468;1.026784902;0.975615447
2.345;-0.001075148;0.647673189;1.026907263;0.975839703
2.35;-0.001114361;0.645953197;1.027020249;0.976065421
2.355;-0.001150834;0.644173755;1.02712382;0.976292168
2.36;-0.001184521;0.642339204;1.027217963;0.976519509
2.365;-0.001215379;0.640453955;1.027302683;0.976747017
2.37;-0.001243374;0.638522478;1.027378011;0.976974267
2.375;-0.001268478;0.636549294;1.027443998;0.977200841
2.38;-0.001290668;0.634538962;1.027500718;0.977426327
2.385;-0.00130993;0.632496073;1.027548264;0.977650322
2.39;-0.001326253;0.630425235;1.027586749;0.977872432
2.395;-0.001339636;0.628331066;1.027616309;0.978092272
2.4;-0.001350081;0.626218184;1.027637096;0.978309469
2.405;-0.001357599;0.624091195;1.027649279;0.978523661
2.41;-0.001362206;0.621954686;1.027653049;0.978734499
2.415;-0.001363923;0.619813213;1.027648611;0.978941648
2.42;-0.001362781;0.617671292;1.027636184;0.979144785
2.425;-0.001358812;0.615533391;1.027616006;0.979343603
2.43;-0.001352056;0.613403918;1.027588325;0.97953781
2.435;-0.001342561;0.611287215;1.027553406;0.97972713
2.44;-0.001330375;0.609187548;1.027511523;0.979911301
2.445;-0.001315557;0.607109097;1.027462963;0.980090081
2.45;-0.001298168;0.60505595;1.027408022;0.980263242
2.455;-0.001278274;0.603032094;1.027347006;0.980430572
2.46;-0.001255947;0.601041407;1.027280229;0.98059188
2.465;-0.001231263;0.599087653;1.027208014;0.980746989
2.47;-0.001204303;0.597174472;1.027130687;0.98089574
2.475;-0.001175149;0.595305374;1.027048582;0.981037993
2.48;-0.001143892;0.593483733;1.026962037;0.981173623
2.485;-0.001110623;0.591712784;1.026871393;0.981302523
2.49;-0.001075437;0.589995612;1.026776992;0.981424604
2.495;-0.001038432;0.588335151;1.026679182;0.981539792
2.5;-0.000999711;0.586734179;1.026578308;0.981648031
2.505;-0.000959376;0.585195312;1.026474717;0.981749281
2.51;-0.000917533;0.583721001;1.026368754;0.981843517
2.515;-0.000874292;0.582313528;1.026260764;0.981930731
2.52;-0.000829762;0.580975005;1.026151088;0.982010929
2.525;-0.000784055;0.579707369;1.026040065;0.982084134
2.53;-0.000737283;0.578512381;1.02592803;0.98215038
2.535;-0.00068956;0.577391624;1.025815315;0.982209717
2.54;-0.000641;0.576346503;1.025702244;0.982262209
2.545;-0.000591718;0.575378241;1.025589139;0.982307931
2.55;-0.00054183;0.574487883;1.025476313;0.982346971
2.555;-0.000491449;0.573676291;1.025364075;0.98237943
2.56;-0.00044069;0.57294415;1.025252726;0.98240542
2.565;-0.000389666;0.572291962;1.025142559;0.982425063
2.57;-0.000338492;0.571720056;1.025033859;0.982438491
2.575;-0.000287278;0.57122858;1.024926904;0.982445846
2.58;-0.000236134;0.570817509;1.024821961;0.982447282
2.585;-0.00018517;0.570486648;1.024719292;0.982442957
2.59;-0.000134492;0.570235631;1.024619147;0.982433039
2.595;-8.42E-05;0.570063924;1.024521766;0.982417706
2.6;-3.44E-05;0.569970833;1.024427382;0.98239714
2.605;1.48E-05;0.569955503;1.024336214;0.982371531
2.61;6.33E-05;0.570016924;1.024248476;0.982341074
2.615;0.000111016;0.570153936;1.024164368;0.982305971
2.62;0.00015786;0.570365231;1.02408408;0.982266428
2.625;0.000203737;0.57064936;1.024007792;0.982222656
2.63;0.000248563;0.571004739;1.023935674;0.982174871
2.635;0.000292255;0.571429649;1.023867885;0.982123292
2.64;0.000334735;0.57192225;1.023804572;0.982068141
2.645;0.000375929;0.572480577;1.023745872;0.982009643
2.65;0.000415765;0.573102555;1.023691911;0.981948027
2.655;0.000454178;0.573785997;1.023642803;0.981883521
2.66;0.000491103;0.574528617;1.023598653;0.981816358
2.665;0.000526482;0.575328032;1.023559554;0.981746771
2.67;0.000560259;0.57618177;1.023525587;0.981674992
2.675;0.000592386;0.577087274;1.023496822;0.981601257
2.68;0.000622814;0.578041915;1.023473321;0.981525801
2.685;0.000651501;0.57904299;1.023455132;0.981448857
2.69;0.000678411;0.580087735;1.023442292;0.981370659
2.695;0.000703508;0.581173331;1.02343483;0.981291441
2.7;0.000726764;0.582296907;1.023432761;0.981211434
2.705;0.000748154;0.583455552;1.023436091;0.981130869
2.71;0.000767657;0.584646316;1.023444816;0.981049974
2.715;0.000785256;0.585866221;1.023458921;0.980968976
2.72;0.00080094;0.587112268;1.02347838;0.980888099
2.725;0.000814699;0.588381439;1.023503157;0.980807564
2.73;0.00082653;0.58967071;1.023533207;0.980727588
2.735;0.000836433;0.59097705;1.023568474;0.980648386
2.74;0.000844412;0.592297434;1.023608893;0.980570169
2.745;0.000850476;0.593628846;1.023654388;0.980493144
2.75;0.000854636;0.594968286;1.023704875;0.980417512
2.755;0.000856908;0.596312775;1.023760262;0.980343473
2.76;0.000857312;0.597659363;1.023820445;0.980271217
2.765;0.00085587;0.599005133;1.023885314;0.980200932
2.77;0.00085261;0.600347206;1.02395475;0.980132801
2.775;0.000847561;0.601682749;1.024028623;0.980066999
2.78;0.000840757;0.603008978;1.0241068;0.980003695
2.785;0.000832234;0.604323164;1.024189137;0.979943053
2.79;0.000822032;0.605622639;1.024275483;0.97988523
2.795;0.000810194;0.606904798;1.024365681;0.979830375
2.8;0.000796765;0.608167105;1.024459568;0.97977863
2.805;0.000781792;0.609407099;1.024556971;0.979730131
2.81;0.000765327;0.610622396;1.024657716;0.979685003
2.815;0.000747423;0.611810693;1.02476162;0.979643368
2.82;0.000728135;0.612969771;1.024868496;0.979605334
2.825;0.000707521;0.614097503;1.024978153;0.979571006
2.83;0.00068564;0.615191851;1.025090393;0.979540477
2.835;0.000662553;0.616250873;1.025205016;0.979513833
2.84;0.000638324;0.617272724;1.025321819;0.97949115
2.845;0.000613017;0.618255661;1.025440594;0.979472495
2.85;0.000586698;0.619198043;1.025561132;0.979457928
2.855;0.000559434;0.620098331;1.025683221;0.979447497
2.86;0.000531295;0.620955098;1.025806647;0.979441242
2.865;0.000502348;0.62176702;1.025931194;0.979439193
2.87;0.000472666;0.622532887;1.026056648;0.979441372
2.875;0.000442318;0.623251595;1.026182792;0.979447791
2.88;0.000411375;0.623922157;1.026309409;0.97945845
2.885;0.00037991;0.624543695;1.026436284;0.979473345
2.89;0.000347995;0.625115445;1.026563202;0.979492456
2.895;0.000315702;0.625636757;1.02668995;0.979515761
2.9;0.000283102;0.626107091;1.026816317;0.979543222
2.905;0.000250268;0.626526025;1.026942093;0.979574796
2.91;0.00021727;0.626893245;1.027067074;0.97961043
2.915;0.00018418;0.62720855;1.027191056;0.979650062
2.92;0.000151069;0.627471853;1.027313841;0.979693623
2.925;0.000118005;0.627683172;1.027435233;0.979741033
2.93;8.51E-05;0.627842637;1.027555043;0.979792205
2.935;5.23E-05;0.627950485;1.027673086;0.979847046
2.94;1.98E-05;0.628007056;1.027789181;0.979905451
2.945;-1.24E-05;0.628012796;1.027903155;0.979967313
2.95;-4.42E-05;0.627968251;1.02801484;0.980032514
2.955;-7.56E-05;0.627874067;1.028124075;0.980100932
2.96;-0.000106481;0.627730985;1.028230704;0.980172435
2.965;-0.000136792;0.627539842;1.028334581;0.980246889
2.97;-0.000166484;0.627301565;1.028435565;0.980324152
2.975;-0.000195502;0.627017171;1.028533524;0.980404077
2.98;-0.000223792;0.62668776;1.028628334;0.980486514
2.985;-0.000251304;0.626314515;1.028719877;0.980571307
2.99;-0.000277989;0.625898698;1.028808046;0.980658295
2.995;-0.000303799;0.625441645;1.028892741;0.980747315
3;-0.000328691;0.624944765;1.028973872;0.980838202
3.005;-0.000352623;0.624409534;1.029051355;0.980930785
3.01;-0.000375554;0.623837492;1.029125118;0.981024893
3.015;-0.000397449;0.623230238;1.029195096;0.981120353
3.02;-0.000418273;0.622589429;1.029261235;0.98121699
3.025;-0.000437995;0.621916771;1.029323487;0.981314629
3.03;-0.000456584;0.621214021;1.029381815;0.981413093
3.035;-0.000474016;0.620482977;1.029436192;0.981512207
3.04;-0.000490265;0.619725476;1.029486598;0.981611794
3.045;-0.000505313;0.618943392;1.029533022;0.981711681
3.05;-0.00051914;0.618138628;1.029575464;0.981811692
3.055;-0.000531731;0.617313114;1.029613931;0.981911657
3.06;-0.000543074;0.6164688;1.029648438;0.982011405
3.065;-0.000553159;0.615607655;1.02967901;0.982110768
3.07;-0.00056198;0.61473166;1.02970568;0.982209583
3.075;-0.000569532;0.613842806;1.029728488;0.982307686
3.08;-0.000575814;0.612943087;1.029747483;0.982404922
3.085;-0.000580827;0.612034498;1.029762722;0.982501135
3.09;-0.000584575;0.611119028;1.029774267;0.982596175
3.095;-0.000587066;0.61019866;1.02978219;0.982689897
3.1;-0.000588307;0.609275362;1.029786568;0.982782161
3.105;-0.000588312;0.608351086;1.029787486;0.98287283
3.11;-0.000587095;0.607427764;1.029785034;0.982961775
3.115;-0.000584672;0.606507304;1.029779309;0.98304887
3.12;-0.000581064;0.605591583;1.029770413;0.983133996
3.125;-0.00057629;0.604682448;1.029758454;0.98321704
3.13;-0.000570376;0.603781711;1.029743544;0.983297896
3.135;-0.000563348;0.602891142;1.0297258;0.983376461
3.14;-0.000555233;0.602012471;1.029705344;0.983452642
3.145;-0.000546061;0.601147381;1.029682302;0.983526351
3.15;-0.000535865;0.600297506;1.029656802;0.983597506
3.155;-0.000524679;0.599464428;1.029628977;0.983666032
3.16;-0.000512539;0.598649677;1.029598963;0.983731861
3.165;-0.00049948;0.597854721;1.029566897;0.983794932
3.17;-0.000485543;0.597080973;1.029532919;0.983855191
3.175;-0.000470768;0.596329781;1.029497171;0.983912588
3.18;-0.000455196;0.595602429;1.029459797;0.983967084
3.185;-0.00043887;0.594900135;1.029420942;0.984018644
3.19;-0.000421834;0.59422405;1.02938075;0.984067241
3.195;-0.000404132;0.593575253;1.029339368;0.984112852
3.2;-0.000385812;0.592954755;1.029296942;0.984155465
3.205;-0.000366918;0.59236349;1.029253617;0.98419507
3.21;-0.000347499;0.591802322;1.02920954;0.984231666
3.215;-0.000327603;0.591272039;1.029164855;0.984265258
3.22;-0.000307277;0.590773352;1.029119706;0.984295857
3.225;-0.00028657;0.5903069;1.029074235;0.984323478
3.23;-0.000265531;0.589873241;1.029028583;0.984348145
3.235;-0.000244209;0.589472858;1.028982889;0.984369886
3.24;-0.000222653;0.589106158;1.028937289;0.984388734
3.245;-0.000200912;0.58877347;1.028891918;0.984404728
3.25;-0.000179034;0.588475047;1.028846908;0.984417913
3.255;-0.000157067;0.588211065;1.028802387;0.984428338
3.26;-0.000135061;0.587981626;1.028758482;0.984436058
3.265;-0.000113061;0.587786756;1.028715315;0.984441129
3.27;-9.11E-05;0.587626407;1.028673004;0.984443617
3.275;-6.93E-05;0.587500458;1.028631666;0.984443587
3.28;-4.76E-05;0.587408718;1.028591412;0.984441112
3.285;-2.61E-05;0.587350924;1.028552349;0.984436265
3.29;-4.78E-06;0.587326743;1.028514582;0.984429126
3.295;1.62E-05;0.587335777;1.028478209;0.984419777
3.3;3.69E-05;0.587377561;1.028443325;0.984408303
3.305;5.72E-05;0.587451567;1.028410021;0.984394791
3.31;7.72E-05;0.587557203;1.028378382;0.984379333
3.315;9.67E-05;0.587693821;1.028348489;0.984362022
3.32;0.000115723;0.587860711;1.028320419;0.984342952
3.325;0.000134255;0.588057111;1.028294242;0.984322223
3.33;0.000152251;0.588282205;1.028270025;0.984299932
3.335;0.000169679;0.588535124;1.028247829;0.984276182
3.34;0.000186511;0.588814955;1.028227711;0.984251074
3.345;0.000202716;0.589120737;1.028209721;0.984224712
3.35;0.00021827;0.589451465;1.028193906;0.984197201
3.355;0.000233147;0.589806097;1.028180306;0.984168646
3.36;0.000247324;0.590183551;1.028168957;0.984139153
3.365;0.00026078;0.590582711;1.02815989;0.984108829
3.37;0.000273496;0.591002429;1.028153129;0.984077779
3.375;0.000285454;0.591441527;1.028148695;0.984046111
3.38;0.000296639;0.591898804;1.028146604;0.98401393
3.385;0.000307036;0.592373033;1.028146865;0.983981342
3.39;0.000316633;0.592862967;1.028149482;0.983948453
3.395;0.000325421;0.593367341;1.028154457;0.983915367
3.4;0.00033339;0.593884877;1.028161783;0.983882186
3.405;0.000340535;0.594414285;1.028171451;0.983849014
3.41;0.000346851;0.594954265;1.028183447;0.983815951
3.415;0.000352334;0.595503512;1.02819775;0.983783096
3.42;0.000356984;0.596060718;1.028214338;0.983750547
3.425;0.000360801;0.596624574;1.028233181;0.9837184
3.43;0.000363789;0.597193774;1.028254246;0.983686748
3.435;0.00036595;0.597767018;1.028277495;0.983655682
3.44;0.000367291;0.598343011;1.028302889;0.983625292
3.445;0.00036782;0.598920471;1.02833038;0.983595665
3.45;0.000367545;0.59949813;1.028359919;0.983566883
3.455;0.000366477;0.600074731;1.028391453;0.98353903
3.46;0.000364628;0.600649041;1.028424924;0.983512182
3.465;0.000362012;0.601219842;1.028460273;0.983486416
3.47;0.000358645;0.601785943;1.028497434;0.983461803
3.475;0.000354542;0.602346173;1.028536342;0.983438413
3.48;0.000349722;0.602899394;1.028576925;0.98341631
3.485;0.000344203;0.603444492;1.028619111;0.983395556
3.49;0.000338007;0.603980386;1.028662823;0.983376211
3.495;0.000331154;0.604506028;1.028707984;0.98335833
3.5;0.000323667;0.605020405;1.028754513;0.983341962
3.505;0.00031557;0.605522539;1.028802327;0.983327155
3.51;0.000306888;0.606011492;1.028851341;0.983313954
3.515;0.000297646;0.606486364;1.028901469;0.983302396
3.52;0.000287871;0.606946296;1.028952622;0.983292519
3.525;0.000277589;0.607390471;1.029004711;0.983284352
3.53;0.000266829;0.607818117;1.029057645;0.983277925
3.535;0.00025562;0.608228504;1.029111333;0.983273259
3.54;0.00024399;0.608620949;1.029165683;0.983270374
3.545;0.000231969;0.608994815;1.0292206;0.983269286
3.55;0.000219588;0.609349513;1.029275993;0.983270005
3.555;0.000206877;0.609684499;1.029331766;0.983272539
3.56;0.000193867;0.609999279;1.029387828;0.98327689
3.565;0.000180589;0.61029341;1.029444083;0.983283058
3.57;0.000167075;0.610566493;1.029500441;0.983291037
3.575;0.000153355;0.610818183;1.029556807;0.983300817
3.58;0.000139462;0.611048181;1.029613092;0.983312387
3.585;0.000125426;0.611256241;1.029669204;0.983325729
3.59;0.00011128;0.611442162;1.029725054;0.983340823
3.595;9.71E-05;0.611605796;1.029780554;0.983357644
3.6;8.28E-05;0.611747043;1.029835618;0.983376164
3.605;6.85E-05;0.61186585;1.029890162;0.983396353
3.61;5.42E-05;0.611962213;1.029944103;0.983418174
3.615;4.00E-05;0.612036177;1.029997359;0.983441591
3.62;2.58E-05;0.612087831;1.030049853;0.983466562
3.625;1.17E-05;0.612117313;1.030101509;0.983493042
3.63;-2.18E-06;0.612124805;1.030152253;0.983520984
3.635;-1.60E-05;0.612110532;1.030202014;0.983550337
3.64;-2.95E-05;0.612074765;1.030250725;0.98358105
3.645;-4.29E-05;0.612017816;1.030298319;0.983613067
3.65;-5.61E-05;0.611940037;1.030344735;0.983646329
3.655;-6.89E-05;0.611841822;1.030389914;0.983680778
3.66;-8.15E-05;0.611723602;1.030433799;0.983716351
3.665;-9.38E-05;0.611585846;1.030476339;0.983752984
3.67;-0.000105759;0.61142906;1.030517485;0.983790611
3.675;-0.000117352;0.611253781;1.03055719;0.983829166
3.68;-0.000128572;0.611060583;1.030595412;0.98386858
3.685;-0.000139398;0.610850067;1.030632113;0.983908783
3.69;-0.000149812;0.610622866;1.030667259;0.983949704
3.695;-0.000159798;0.610379642;1.030700817;0.983991272
3.7;-0.000169338;0.61012108;1.030732761;0.984033413
3.705;-0.000178418;0.609847891;1.030763066;0.984076056
3.71;-0.000187025;0.60956081;1.030791713;0.984119126
3.715;-0.000195145;0.60926059;1.030818684;0.984162551
3.72;-0.000202767;0.608948005;1.030843969;0.984206256
3.725;-0.000209881;0.608623845;1.030867557;0.984250168
3.73;-0.000216477;0.608288916;1.030889443;0.984294215
3.735;-0.000222548;0.607944037;1.030909626;0.984338323
3.74;-0.000228088;0.607590038;1.030928108;0.984382421
3.745;-0.00023309;0.607227759;1.030944895;0.984426437
3.75;-0.000237551;0.606858048;1.030959995;0.984470302
3.755;-0.000241467;0.606481757;1.03097342;0.984513945
3.76;-0.000244836;0.606099744;1.030985188;0.9845573
3.765;-0.000247659;0.605712868;1.030995317;0.984600299
3.77;-0.000249934;0.605321988;1.031003829;0.984642878
3.775;-0.000251665;0.604927961;1.031010749;0.984684974
3.78;-0.000252854;0.604531642;1.031016107;0.984726524
3.785;-0.000253504;0.60413388;1.031019934;0.984767469
3.79;-0.000253621;0.603735515;1.031022263;0.984807751
3.795;-0.000253211;0.603337381;1.031023132;0.984847315
3.8;-0.000252281;0.6029403;1.031022581;0.984886107
3.805;-0.00025084;0.602545083;1.03102065;0.984924076
3.81;-0.000248896;0.602152527;1.031017384;0.984961172
3.815;-0.000246459;0.601763413;1.031012829;0.98499735
3.82;-0.000243541;0.601378506;1.031007034;0.985032566
3.825;-0.000240153;0.600998553;1.03100005;0.985066778
3.83;-0.000236309;0.600624282;1.030991928;0.985099947
3.835;-0.000232022;0.600256398;1.030982721;0.985132037
3.84;-0.000227307;0.599895587;1.030972486;0.985163015
3.845;-0.000222178;0.59954251;1.03096128;0.985192851
3.85;-0.000216651;0.599197804;1.030949158;0.985221515
3.855;-0.000210744;0.598862079;1.030936182;0.985248985
3.86;-0.000204473;0.598535922;1.03092241;0.985275236
3.865;-0.000197856;0.598219889;1.030907904;0.985300249
3.87;-0.000190912;0.597914509;1.030892724;0.985324008
3.875;-0.000183658;0.597620284;1.030876932;0.985346499
3.88;-0.000176114;0.597337683;1.030860591;0.985367711
3.885;-0.0001683;0.597067147;1.030843763;0.985387636
3.89;-0.000160236;0.596809084;1.03082651;0.985406268
3.895;-0.000151941;0.596563872;1.030808896;0.985423603
3.9;-0.000143437;0.596331856;1.030790982;0.985439643
3.905;-0.000134743;0.596113351;1.03077283;0.98545439
3.91;-0.000125881;0.595908637;1.030754502;0.985467848
3.915;-0.000116871;0.595717962;1.030736058;0.985480026
3.92;-0.000107735;0.595541541;1.030717561;0.985490933
3.925;-9.85E-05;0.595379557;1.030699068;0.985500583
3.93;-8.92E-05;0.59523216;1.030680638;0.98550899
3.935;-7.98E-05;0.595099465;1.03066233;0.985516171
3.94;-7.03E-05;0.594981556;1.0306442;0.985522147
3.945;-6.09E-05;0.594878486;1.030626303;0.985526939
3.95;-5.14E-05;0.594790274;1.030608693;0.985530571
3.955;-4.20E-05;0.594716907;1.030591422;0.985533068
3.96;-3.26E-05;0.594658342;1.030574542;0.98553446
3.965;-2.32E-05;0.594614503;1.030558103;0.985534774
3.97;-1.40E-05;0.594585286;1.030542152;0.985534043
3.975;-4.80E-06;0.594570556;1.030526735;0.985532301
3.98;4.26E-06;0.59457015;1.030511897;0.98552958
3.985;1.32E-05;0.594583874;1.03049768;0.985525919
3.99;2.20E-05;0.594611509;1.030484125;0.985521353
3.995;3.06E-05;0.594652809;1.030471269;0.985515923
4;3.90E-05;0.594707501;1.03045915;0.985509668
4.005;4.73E-05;0.594775287;1.030447802;0.98550263
4.01;5.53E-05;0.594855846;1.030437257;0.98549485
4.015;6.31E-05;0.594948832;1.030427545;0.985486372
4.02;7.06E-05;0.59505388;1.030418694;0.985477239
4.025;7.79E-05;0.5951706;1.030410729;0.985467497
4.03;8.50E-05;0.595298586;1.030403674;0.98545719
4.035;9.17E-05;0.595437411;1.03039755;0.985446365
4.04;9.82E-05;0.595586629;1.030392376;0.985435067
4.045;0.000104381;0.595745782;1.030388168;0.985423343
4.05;0.000110248;0.595914392;1.030384941;0.985411239
4.055;0.000115797;0.596091969;1.030382705;0.985398803
4.06;0.000121023;0.59627801;1.030381472;0.985386081
4.065;0.000125918;0.596472001;1.030381247;0.98537312
4.07;0.000130475;0.596673416;1.030382036;0.985359967
4.075;0.000134689;0.596881721;1.030383843;0.985346667
4.08;0.000138556;0.597096373;1.030386666;0.985333267
4.085;0.000142071;0.597316823;1.030390505;0.985319813
4.09;0.000145233;0.597542518;1.030395356;0.98530635
4.095;0.000148037;0.597772898;1.030401212;0.985292921
4.1;0.000150483;0.598007402;1.030408066;0.985279571
4.105;0.00015257;0.598245466;1.030415907;0.985266343
4.11;0.000154299;0.598486528;1.030424723;0.985253279
4.115;0.000155669;0.598730023;1.030434499;0.985240419
4.12;0.000156683;0.59897539;1.030445221;0.985227806
4.125;0.000157343;0.599222072;1.030456869;0.985215476
4.13;0.000157652;0.599469514;1.030469424;0.98520347
4.135;0.000157613;0.599717167;1.030482864;0.985191822
4.14;0.000157231;0.59996449;1.030497166;0.98518057
4.145;0.000156512;0.600210947;1.030512306;0.985169747
4.15;0.00015546;0.600456012;1.030528256;0.985159386
4.155;0.000154083;0.600699169;1.030544989;0.985149519
4.16;0.000152386;0.600939911;1.030562475;0.985140175
4.165;0.000150379;0.601177742;1.030580685;0.985131384
4.17;0.000148068;0.601412181;1.030599586;0.985123171
4.175;0.000145463;0.601642758;1.030619145;0.985115563
4.18;0.000142573;0.601869018;1.030639328;0.985108583
4.185;0.000139407;0.60209052;1.0306601;0.985102254
4.19;0.000135976;0.60230684;1.030681425;0.985096594
4.195;0.00013229;0.602517567;1.030703266;0.985091624
4.2;0.00012836;0.602722312;1.030725585;0.98508736
4.205;0.000124197;0.602920699;1.030748345;0.985083817
4.21;0.000119814;0.603112373;1.030771507;0.985081008
4.215;0.000115222;0.603296996;1.03079503;0.985078945
4.22;0.000110433;0.60347425;1.030818876;0.985077638
4.225;0.000105461;0.603643835;1.030843005;0.985077095
4.23;0.000100317;0.603805474;1.030867376;0.985077322
4.235;9.50E-05;0.603958908;1.030891949;0.985078323
4.24;8.96E-05;0.604103899;1.030916684;0.985080102
4.245;8.40E-05;0.604240229;1.03094154;0.985082659
4.25;7.83E-05;0.604367704;1.030966477;0.985085993
4.255;7.25E-05;0.604486148;1.030991456;0.985090102
4.26;6.66E-05;0.604595409;1.031016436;0.985094981
4.265;6.06E-05;0.604695353;1.031041379;0.985100625
4.27;5.46E-05;0.604785871;1.031066245;0.985107027
4.275;4.85E-05;0.604866873;1.031090996;0.985114176
4.28;4.24E-05;0.604938292;1.031115594;0.985122063
4.285;3.63E-05;0.60500008;1.031140004;0.985130675
4.29;3.01E-05;0.605052212;1.031164187;0.985139999
4.295;2.40E-05;0.605094684;1.03118811;0.985150019
4.3;1.78E-05;0.605127511;1.031211737;0.985160719
4.305;1.17E-05;0.605150729;1.031235035;0.985172081
4.31;5.67E-06;0.605164394;1.031257971;0.985184086
4.315;-3.31E-07;0.605168582;1.031280515;0.985196713
4.32;-6.27E-06;0.605163388;1.031302635;0.985209942
4.325;-1.21E-05;0.605148926;1.031324303;0.985223749
4.33;-1.79E-05;0.605125328;1.031345491;0.98523811
4.335;-2.36E-05;0.605092744;1.031366173;0.985253002
4.34;-2.91E-05;0.60505134;1.031386322;0.985268398
4.345;-3.46E-05;0.605001302;1.031405916;0.985284273
4.35;-3.99E-05;0.604942828;1.031424932;0.985300598
4.355;-4.50E-05;0.604876135;1.031443349;0.985317346
4.36;-5.00E-05;0.604801454;1.031461148;0.985334489
4.365;-5.49E-05;0.604719028;1.03147831;0.985351997
4.37;-5.96E-05;0.604629116;1.031494819;0.98536984
4.375;-6.41E-05;0.604531989;1.03151066;0.985387989
4.38;-6.84E-05;0.604427931;1.03152582;0.985406413
4.385;-7.25E-05;0.604317235;1.031540286;0.985425082
4.39;-7.65E-05;0.604200207;1.031554049;0.985443963
4.395;-8.02E-05;0.604077162;1.0315671;0.985463027
4.4;-8.37E-05;0.603948423;1.031579432;0.985482242
4.405;-8.70E-05;0.603814322;1.031591038;0.985501577
4.41;-9.01E-05;0.6036752;1.031601916;0.985521001
4.415;-9.30E-05;0.603531402;1.031612063;0.985540482
4.42;-9.56E-05;0.60338328;1.031621477;0.98555999
4.425;-9.80E-05;0.603231191;1.03163016;0.985579495
4.43;-0.000100189;0.603075496;1.031638113;0.985598966
4.435;-0.000102136;0.602916559;1.031645341;0.985618373
4.44;-0.000103849;0.602754748;1.031651848;0.985637687
4.445;-0.000105327;0.60259043;1.03165764;0.985656879
4.45;-0.00010657;0.602423976;1.031662726;0.98567592
4.455;-0.000107577;0.602255754;1.031667115;0.985694784
4.46;-0.00010835;0.602086134;1.031670817;0.985713442
4.465;-0.00010889;0.601915484;1.031673844;0.985731869
4.47;-0.000109198;0.601744168;1.03167621;0.98575004
4.475;-0.000109276;0.601572549;1.031677928;0.985767928
4.48;-0.000109128;0.601400985;1.031679014;0.985785511
4.485;-0.000108756;0.60122983;1.031679484;0.985802766
4.49;-0.000108163;0.601059435;1.031679357;0.98581967
4.495;-0.000107353;0.600890141;1.03167865;0.985836202
4.5;-0.000106332;0.600722285;1.031677383;0.985852343
4.505;-0.000105103;0.600556197;1.031675577;0.985868073
4.51;-0.000103672;0.6003922;1.031673253;0.985883375
4.515;-0.000102044;0.600230606;1.031670432;0.985898231
4.52;-0.000100225;0.60007172;1.031667138;0.985912626
4.525;-9.82E-05;0.599915838;1.031663394;0.985926545
4.53;-9.60E-05;0.599763245;1.031659225;0.985939975
4.535;-9.37E-05;0.599614215;1.031654654;0.985952903
4.54;-9.12E-05;0.599469014;1.031649706;0.985965319
4.545;-8.85E-05;0.599327892;1.031644408;0.985977213
4.55;-8.57E-05;0.599191093;1.031638785;0.985988575
4.555;-8.27E-05;0.599058843;1.031632863;0.985999398
4.56;-7.96E-05;0.598931361;1.03162667;0.986009676
4.565;-7.64E-05;0.598808849;1.03162023;0.986019404
4.57;-7.30E-05;0.598691498;1.031613572;0.986028578
4.575;-6.96E-05;0.598579485;1.031606721;0.986037194
4.58;-6.60E-05;0.598472975;1.031599705;0.986045252
4.585;-6.24E-05;0.598372118;1.031592551;0.986052751
4.59;-5.87E-05;0.59827705;1.031585285;0.986059691
4.595;-5.49E-05;0.598187894;1.031577934;0.986066074
4.6;-5.10E-05;0.598104758;1.031570524;0.986071904
4.605;-4.71E-05;0.598027737;1.031563082;0.986077184
4.61;-4.31E-05;0.59795691;1.031555632;0.986081919
4.615;-3.91E-05;0.597892344;1.031548201;0.986086115
4.62;-3.51E-05;0.597834092;1.031540813;0.98608978
4.625;-3.10E-05;0.59778219;1.031533493;0.986092922
4.63;-2.70E-05;0.597736663;1.031526265;0.986095549
4.635;-2.29E-05;0.597697521;1.031519153;0.986097672
4.64;-1.88E-05;0.597664761;1.031512179;0.986099302
4.645;-1.48E-05;0.597638366;1.031505365;0.98610045
4.65;-1.08E-05;0.597618306;1.031498734;0.986101128
4.655;-6.77E-06;0.597604537;1.031492305;0.986101351
4.66;-2.83E-06;0.597597004;1.0314861;0.986101132
4.665;1.08E-06;0.597595637;1.031480138;0.986100486
4.67;4.92E-06;0.597600356;1.031474436;0.986099429
4.675;8.71E-06;0.597611069;1.031469014;0.986097976
4.68;1.24E-05;0.59762767;1.031463887;0.986096144
4.685;1.61E-05;0.597650045;1.031459073;0.986093951
4.69;1.96E-05;0.597678067;1.031454585;0.986091414
4.695;2.31E-05;0.5977116;1.031450438;0.986088551
4.7;2.64E-05;0.597750496;1.031446646;0.986085382
4.705;2.97E-05;0.597794599;1.03144322;0.986081924
4.71;3.29E-05;0.597843744;1.031440172;0.986078197
4.715;3.59E-05;0.597897758;1.031437512;0.986074221
4.72;3.88E-05;0.597956457;1.03143525;0.986070016
4.725;4.16E-05;0.598019652;1.031433394;0.986065601
4.73;4.43E-05;0.598087146;1.031431952;0.986060996
4.735;4.68E-05;0.598158735;1.031430928;0.986056223
4.74;4.92E-05;0.598234209;1.03143033;0.9860513
4.745;5.15E-05;0.598313353;1.031430161;0.986046249
4.75;5.36E-05;0.598395946;1.031430424;0.98604109
4.755;5.56E-05;0.598481763;1.031431123;0.986035844
4.76;5.74E-05;0.598570574;1.031432257;0.986030529
4.765;5.91E-05;0.598662148;1.031433829;0.986025166
4.77;6.07E-05;0.598756248;1.031435836;0.986019776
4.775;6.20E-05;0.598852636;1.031438277;0.986014377
4.78;6.33E-05;0.598951072;1.031441151;0.986008989
4.785;6.43E-05;0.599051315;1.031444453;0.986003631
4.79;6.53E-05;0.599153122;1.031448179;0.985998321
4.795;6.60E-05;0.599256252;1.031452324;0.985993079
4.8;6.66E-05;0.599360461;1.031456882;0.985987921
4.805;6.71E-05;0.599465508;1.031461845;0.985982866
4.81;6.74E-05;0.599571153;1.031467207;0.98597793
4.815;6.75E-05;0.599677158;1.031472959;0.98597313
4.82;6.76E-05;0.599783285;1.031479091;0.985968482
4.825;6.74E-05;0.599889301;1.031485594;0.985964002
4.83;6.71E-05;0.599994976;1.031492456;0.985959703
4.835;6.67E-05;0.600100082;1.031499666;0.985955601
4.84;6.61E-05;0.600204396;1.031507213;0.985951709
4.845;6.54E-05;0.600307701;1.031515083;0.985948041
4.85;6.46E-05;0.600409782;1.031523264;0.985944607
4.855;6.36E-05;0.600510432;1.031531742;0.985941421
4.86;6.25E-05;0.600609446;1.031540502;0.985938493
4.865;6.12E-05;0.600706629;1.031549529;0.985935833
4.87;5.99E-05;0.60080179;1.03155881;0.985933451
4.875;5.84E-05;0.600894746;1.031568327;0.985931355
4.88;5.69E-05;0.600985319;1.031578066;0.985929555
4.885;5.52E-05;0.60107334;1.031588009;0.985928056
4.89;5.34E-05;0.601158647;1.031598141;0.985926865
4.895;5.15E-05;0.601241086;1.031608445;0.985925988
4.9;4.96E-05;0.601320511;1.031618904;0.985925431
4.905;4.75E-05;0.601396784;1.0316295;0.985925197
4.91;4.54E-05;0.601469775;1.031640217;0.985925289
4.915;4.32E-05;0.601539363;1.031651037;0.985925711
4.92;4.09E-05;0.601605436;1.031661943;0.985926464
4.925;3.86E-05;0.60166789;1.031672918;0.98592755
4.93;3.62E-05;0.601726632;1.031683943;0.985928968
4.935;3.38E-05;0.601781576;1.031695003;0.985930718
4.94;3.13E-05;0.601832646;1.031706079;0.9859328
4.945;2.87E-05;0.601879774;1.031717155;0.985935211
4.95;2.62E-05;0.601922904;1.031728214;0.985937949
4.955;2.36E-05;0.601961986;1.031739239;0.985941011
4.96;2.10E-05;0.601996981;1.031750213;0.985944392
4.965;1.83E-05;0.602027859;1.031761121;0.985948088
4.97;1.57E-05;0.6020546;1.031771947;0.985952094
4.975;1.31E-05;0.602077191;1.031782675;0.985956404
4.98;1.04E-05;0.602095628;1.031793289;0.985961012
4.985;7.78E-06;0.60210992;1.031803776;0.985965909
4.99;5.16E-06;0.602120079;1.031814121;0.98597109
4.995;2.55E-06;0.602126129;1.031824309;0.985976544
5;-3.32E-08;0.602128103;1.031834328;0.985982265
5.005;-2.59E-06;0.60212604;1.031844164;0.985988241
5.01;-5.11E-06;0.602119988;1.031853805;0.985994465
5.015;-7.59E-06;0.602110004;1.031863239;0.986000925
5.02;-1.00E-05;0.602096152;1.031872454;0.986007611
5.025;-1.24E-05;0.602078502;1.031881441;0.986014513
5.03;-1.48E-05;0.602057133;1.031890188;0.986021618
5.035;-1.71E-05;0.602032132;1.031898686;0.986028916
5.04;-1.93E-05;0.60200359;1.031906926;0.986036393
5.045;-2.14E-05;0.601971605;1.031914899;0.986044039
5.05;-2.35E-05;0.601936283;1.031922599;0.98605184
5.055;-2.55E-05;0.601897733;1.031930017;0.986059785
5.06;-2.75E-05;0.601856073;1.031937147;0.986067859
5.065;-2.93E-05;0.601811424;1.031943985;0.986076051
5.07;-3.11E-05;0.601763912;1.031950523;0.986084346
5.075;-3.28E-05;0.601713667;1.031956759;0.986092732
5.08;-3.44E-05;0.601660825;1.031962688;0.986101196
5.085;-3.60E-05;0.601605525;1.031968307;0.986109724
5.09;-3.74E-05;0.601547909;1.031973614;0.986118302
5.095;-3.87E-05;0.601488123;1.031978607;0.986126918
5.1;-4.00E-05;0.601426316;1.031983284;0.986135559
5.105;-4.11E-05;0.601362639;1.031987647;0.98614421
5.11;-4.21E-05;0.601297245;1.031991693;0.986152859
5.115;-4.31E-05;0.601230289;1.031995426;0.986161494
5.12;-4.39E-05;0.601161928;1.031998845;0.986170101
5.125;-4.47E-05;0.601092319;1.032001954;0.986178668
5.13;-4.53E-05;0.601021621;1.032004754;0.986187182
5.135;-4.59E-05;0.600949992;1.032007249;0.986195632
5.14;-4.63E-05;0.600877592;1.032009443;0.986204005
5.145;-4.66E-05;0.600804579;1.032011341;0.986212289
5.15;-4.69E-05;0.600731111;1.032012947;0.986220475
5.155;-4.70E-05;0.600657345;1.032014268;0.98622855
5.16;-4.71E-05;0.600583437;1.032015308;0.986236504
5.165;-4.70E-05;0.600509541;1.032016075;0.986244327
5.17;-4.69E-05;0.600435809;1.032016575;0.986252008
5.175;-4.66E-05;0.600362392;1.032016816;0.986259539
5.18;-4.63E-05;0.600289437;1.032016806;0.986266911
5.185;-4.58E-05;0.60021709;1.032016554;0.986274114
5.19;-4.53E-05;0.600145491;1.032016067;0.986281141
5.195;-4.47E-05;0.600074781;1.032015356;0.986287983
5.2;-4.40E-05;0.600005093;1.032014429;0.986294634
5.205;-4.32E-05;0.599936558;1.032013296;0.986301087
5.21;-4.24E-05;0.599869305;1.032011967;0.986307335
5.215;-4.14E-05;0.599803456;1.032010452;0.986313372
5.22;-4.04E-05;0.59973913;1.032008763;0.986319194
5.225;-3.94E-05;0.599676439;1.032006908;0.986324795
5.23;-3.82E-05;0.599615494;1.032004901;0.986330171
5.235;-3.70E-05;0.599556398;1.032002751;0.986335318
5.24;-3.57E-05;0.59949925;1.03200047;0.986340233
5.245;-3.44E-05;0.599444143;1.031998069;0.986344914
5.25;-3.30E-05;0.599391166;1.03199556;0.986349356
5.255;-3.16E-05;0.5993404;1.031992954;0.98635356
5.26;-3.01E-05;0.599291922;1.031990262;0.986357524
5.265;-2.86E-05;0.599245804;1.031987496;0.986361246
5.27;-2.70E-05;0.59920211;1.031984669;0.986364727
5.275;-2.54E-05;0.599160899;1.03198179;0.986367967
5.28;-2.38E-05;0.599122225;1.031978872;0.986370966
5.285;-2.21E-05;0.599086135;1.031975925;0.986373726
5.29;-2.05E-05;0.599052669;1.031972962;0.986376248
5.295;-1.88E-05;0.599021862;1.031969993;0.986378535
5.3;-1.70E-05;0.598993745;1.03196703;0.986380588
5.305;-1.53E-05;0.598968338;1.031964082;0.986382412
5.31;-1.36E-05;0.59894566;1.031961161;0.986384008
5.315;-1.18E-05;0.598925721;1.031958277;0.986385382
5.32;-1.01E-05;0.598908526;1.031955439;0.986386538
5.325;-8.33E-06;0.598894075;1.031952659;0.986387479
5.33;-6.59E-06;0.598882359;1.031949946;0.986388212
5.335;-4.86E-06;0.598873367;1.031947309;0.986388741
5.34;-3.15E-06;0.598867082;1.031944756;0.986389072
5.345;-1.45E-06;0.598863478;1.031942297;0.986389211
5.35;2.32E-07;0.598862527;1.031939941;0.986389164
5.355;1.89E-06;0.598864195;1.031937695;0.986388938
5.36;3.52E-06;0.598868443;1.031935566;0.986388541
5.365;5.11E-06;0.598875226;1.031933563;0.986387978
5.37;6.68E-06;0.598884495;1.031931693;0.986387258
5.375;8.21E-06;0.598896196;1.03192996;0.986386388
5.38;9.70E-06;0.598910271;1.031928373;0.986385376
5.385;1.12E-05;0.598926656;1.031926937;0.98638423
5.39;1.26E-05;0.598945286;1.031925657;0.986382958
5.395;1.39E-05;0.59896609;1.031924537;0.986381568
5.4;1.52E-05;0.598988993;1.031923583;0.986380069
5.405;1.65E-05;0.599013917;1.031922799;0.986378469
5.41;1.77E-05;0.59904078;1.031922188;0.986376777
5.415;1.89E-05;0.599069499;1.031921754;0.986375002
5.42;2.00E-05;0.599099987;1.031921498;0.986373152
5.425;2.10E-05;0.599132152;1.031921425;0.986371236
5.43;2.20E-05;0.599165903;1.031921534;0.986369263
5.435;2.29E-05;0.599201145;1.031921829;0.986367242
5.44;2.37E-05;0.599237782;1.03192231;0.986365181
5.445;2.45E-05;0.599275715;1.031922977;0.986363089
5.45;2.53E-05;0.599314845;1.031923831;0.986360975
5.455;2.59E-05;0.599355069;1.031924872;0.986358847
5.46;2.65E-05;0.599396286;1.031926099;0.986356714
5.465;2.71E-05;0.599438393;1.03192751;0.986354584
5.47;2.75E-05;0.599481286;1.031929105;0.986352465
5.475;2.79E-05;0.599524861;1.031930882;0.986350366
5.48;2.83E-05;0.599569013;1.031932838;0.986348294
5.485;2.85E-05;0.599613639;1.031934972;0.986346257
5.49;2.87E-05;0.599658635;1.031937278;0.986344262
5.495;2.89E-05;0.599703897;1.031939756;0.986342318
5.5;2.89E-05;0.599749323;1.0319424;0.986340431
5.505;2.90E-05;0.59979481;1.031945208;0.986338607
5.51;2.89E-05;0.599840259;1.031948174;0.986336855
5.515;2.88E-05;0.59988557;1.031951294;0.986335179
5.52;2.86E-05;0.599930645;1.031954563;0.986333587
5.525;2.84E-05;0.599975389;1.031957977;0.986332084
5.53;2.81E-05;0.600019707;1.031961528;0.986330676
5.535;2.77E-05;0.600063507;1.031965213;0.986329368
5.54;2.73E-05;0.6001067;1.031969025;0.986328165
5.545;2.68E-05;0.600149197;1.031972958;0.986327071
5.55;2.63E-05;0.600190915;1.031977005;0.986326093
5.555;2.57E-05;0.600231772;1.03198116;0.986325232
5.56;2.51E-05;0.600271687;1.031985417;0.986324494
5.565;2.44E-05;0.600310585;1.031989768;0.986323881
5.57;2.37E-05;0.600348392;1.031994207;0.986323398
5.575;2.29E-05;0.600385039;1.031998726;0.986323045
5.58;2.21E-05;0.60042046;1.032003319;0.986322827
5.585;2.13E-05;0.60045459;1.032007977;0.986322745
5.59;2.04E-05;0.600487371;1.032012694;0.986322802
5.595;1.95E-05;0.600518746;1.032017463;0.986322997
5.6;1.86E-05;0.600548663;1.032022275;0.986323334
5.605;1.76E-05;0.600577074;1.032027124;0.986323811
5.61;1.66E-05;0.600603933;1.032032002;0.986324431
5.615;1.56E-05;0.600629201;1.032036901;0.986325193
5.62;1.45E-05;0.60065284;1.032041814;0.986326097
5.625;1.35E-05;0.600674816;1.032046734;0.986327142
5.63;1.24E-05;0.600695102;1.032051653;0.986328328
5.635;1.13E-05;0.600713672;1.032056564;0.986329654
5.64;1.02E-05;0.600730504;1.032061461;0.986331118
5.645;9.04E-06;0.600745581;1.032066335;0.986332718
5.65;7.91E-06;0.600758891;1.03207118;0.986334453
5.655;6.78E-06;0.600770424;1.032075989;0.98633632
5.66;5.64E-06;0.600780175;1.032080755;0.986338317
5.665;4.50E-06;0.600788141;1.032085473;0.986340441
5.67;3.37E-06;0.600794326;1.032090135;0.986342689
5.675;2.24E-06;0.600798736;1.032094735;0.986345058
5.68;1.12E-06;0.600801379;1.032099268;0.986347544
5.685;1.31E-08;0.600802271;1.032103727;0.986350143
5.69;-1.09E-06;0.600801427;1.032108108;0.986352852
5.695;-2.17E-06;0.600798868;1.032112404;0.986355666
5.7;-3.24E-06;0.600794618;1.03211661;0.986358581
5.705;-4.29E-06;0.600788705;1.032120723;0.986361593
5.71;-5.32E-06;0.600781159;1.032124736;0.986364696
5.715;-6.32E-06;0.600772013;1.032128646;0.986367886
5.72;-7.31E-06;0.600761304;1.032132449;0.986371158
5.725;-8.26E-06;0.600749071;1.03213614;0.986374507
5.73;-9.19E-06;0.600735357;1.032139717;0.986377928
5.735;-1.01E-05;0.600720207;1.032143175;0.986381415
5.74;-1.10E-05;0.600703667;1.032146511;0.986384962
5.745;-1.18E-05;0.600685789;1.032149724;0.986388566
5.75;-1.26E-05;0.600666623;1.03215281;0.986392218
5.755;-1.34E-05;0.600646224;1.032155767;0.986395916
5.76;-1.41E-05;0.600624647;1.032158594;0.986399651
5.765;-1.48E-05;0.600601952;1.032161288;0.986403419
5.77;-1.54E-05;0.600578198;1.032163849;0.986407215
5.775;-1.61E-05;0.600553445;1.032166275;0.986411032
5.78;-1.66E-05;0.600527756;1.032168565;0.986414864
5.785;-1.72E-05;0.600501196;1.03217072;0.986418707
5.79;-1.77E-05;0.600473829;1.032172738;0.986422554
5.795;-1.81E-05;0.60044572;1.03217462;0.9864264
5.8;-1.85E-05;0.600416937;1.032176366;0.986430239
5.805;-1.89E-05;0.600387546;1.032177978;0.986434066
5.81;-1.92E-05;0.600357616;1.032179455;0.986437875
5.815;-1.95E-05;0.600327214;1.032180799;0.986441661
5.82;-1.97E-05;0.600296409;1.032182011;0.98644542
5.825;-1.99E-05;0.600265269;1.032183093;0.986449145
5.83;-2.01E-05;0.600233861;1.032184047;0.986452832
5.835;-2.02E-05;0.600202255;1.032184875;0.986456475
5.84;-2.02E-05;0.600170517;1.032185579;0.986460072
5.845;-2.03E-05;0.600138715;1.032186162;0.986463616
5.85;-2.02E-05;0.600106914;1.032186627;0.986467103
5.855;-2.02E-05;0.600075181;1.032186977;0.986470529
5.86;-2.01E-05;0.600043579;1.032187214;0.98647389
5.865;-1.99E-05;0.600012173;1.032187343;0.986477183
5.87;-1.97E-05;0.599981024;1.032187366;0.986480403
5.875;-1.95E-05;0.599950194;1.032187288;0.986483546
5.88;-1.93E-05;0.599919742;1.032187112;0.986486611
5.885;-1.90E-05;0.599889727;1.032186843;0.986489592
5.89;-1.86E-05;0.599860204;1.032186485;0.986492488
5.895;-1.83E-05;0.59983123;1.032186041;0.986495296
5.9;-1.79E-05;0.599802855;1.032185516;0.986498013
5.905;-1.74E-05;0.599775132;1.032184916;0.986500637
5.91;-1.70E-05;0.59974811;1.032184243;0.986503166
5.915;-1.65E-05;0.599721835;1.032183504;0.986505598
5.92;-1.60E-05;0.599696353;1.032182703;0.98650793
5.925;-1.54E-05;0.599671705;1.032181844;0.986510163
5.93;-1.48E-05;0.599647932;1.032180932;0.986512294
5.935;-1.43E-05;0.599625072;1.032179973;0.986514323
5.94;-1.36E-05;0.599603161;1.032178972;0.986516249
5.945;-1.30E-05;0.599582232;1.032177932;0.986518071
5.95;-1.24E-05;0.599562314;1.03217686;0.986519788
5.955;-1.17E-05;0.599543437;1.03217576;0.986521402
5.96;-1.10E-05;0.599525626;1.032174637;0.986522911
5.965;-1.03E-05;0.599508903;1.032173497;0.986524316
5.97;-9.58E-06;0.59949329;1.032172343;0.986525618
5.975;-8.86E-06;0.599478804;1.032171181;0.986526817
5.98;-8.13E-06;0.59946546;1.032170015;0.986527914
5.985;-7.39E-06;0.59945327;1.032168851;0.986528911
5.99;-6.65E-06;0.599442246;1.032167692;0.986529808
5.995;-5.90E-06;0.599432393;1.032166544;0.986530607
6;-5.15E-06;0.599423718;1.032165411;0.986531309
